{
  "totalRequests": 1408,
  "errorCount": 0,
  "errorRate": 0,
  "latency": {
    "p50": 0.6883,
    "p90": 1.8864999999999998,
    "p95": 2.6587699999999983,
    "p99": 5.466038000000003
  },
  "thresholds": {
    "checks": "PASS",
    "check_failure_rate": "PASS",
    "http_req_duration": "PASS"
  }
}