{
  "totalRequests": 1408,
  "errorCount": 0,
  "errorRate": 0,
  "latency": {
    "p50": 0.8586,
    "p90": 1.8696599999999997,
    "p95": 2.326434999999996,
    "p99": 4.645240000000011
  },
  "thresholds": {
    "checks": "PASS",
    "check_failure_rate": "PASS",
    "http_req_duration": "PASS"
  }
}